"Dev. Helper","Dev. Helper"
"Rewrites","Rewrites"
"Events","Events"
"Blocks","Blocks"
"Models","Models"
"Helpers","Helpers"
"Routers","Routers"
"Blocks rewrite","Blocks rewrite"
"Models rewrite","Models rewrite"
"Helpers rewrite","Helpers rewrite"
"Routers rewrite","Routers rewrite"
"Deprecated From/To","Deprecated From/To"
"From To","From To"
"Admin","Admin"
"Frontend","Frontend"
"Name","Name"
"Path","Path"
"Class","Class"
"Method","Method"
"From","From"
"To","To"
"Direction","Direction"
"Scope","Scope"